{
  "test_n": 49923,
  "rated_kw": 43.625,
  "split_date": "2024-12-28",
  "oracle": {
    "R2": 0.9782822720873979,
    "MAE": 1.3292677246968643,
    "RMSE": 1.9489872012306553,
    "nMAE": 3.0470320336890873,
    "nRMSE": 4.467592438351072,
    "bias": 0.011736545226408105,
    "r": 0.9891171312158281,
    "NSE": 0.9782822720873979,
    "skill": 0.8607119413100044
  },
  "sensor": {
    "R2": 0.9980697069155607,
    "MAE": 0.4406456667972276,
    "RMSE": 0.581049886418585,
    "nMAE": 1.0100760270423554,
    "nRMSE": 1.3319195104150947,
    "bias": -0.06677433356367364,
    "r": 0.9990921055813595,
    "NSE": 0.9980697069155607,
    "skill": 0.9583912269836089
  },
  "persistence": {
    "RMSE": 14.003275949154714
  },
  "sky_metrics": {
    "Clear (<30%)": {
      "MAE": 1.22712206729274,
      "RMSE": 1.7657409288429862,
      "n": 11823
    },
    "Partly (30-70%)": {
      "MAE": 1.2357675601313833,
      "RMSE": 1.8041924922731645,
      "n": 8608
    },
    "Overcast (>=70%)": {
      "MAE": 1.3975071633266156,
      "RMSE": 2.0567102369977137,
      "n": 29492
    }
  },
  "daily_energy": {
    "actual_mean": 350.28471815718154,
    "oracle_mean": 350.4170405481793,
    "sensor_mean": 349.5318782623082,
    "mae_oracle": 4.73853282237088,
    "mae_sensor": 2.1661661319011145
  },
  "capacity_factor": {
    "actual": 0.334560380283841,
    "oracle": 0.33468676270122183,
    "sensor": 0.3338413354940862
  }
}